STATION,NAME,LATITUDE,LONGITUDE,ELEVATION,DATE,TAVG,TMAX,TMIN
USR0000CSLA,"SLATER BUTTE CALIFORNIA, CA US",41.8586,-123.3525,1423.4,7/1/2020,57,73,47
USR0000CSLA,"SLATER BUTTE CALIFORNIA, CA US",41.8586,-123.3525,1423.4,7/2/2020,60,77,47
USR0000CSLA,"SLATER BUTTE CALIFORNIA, CA US",41.8586,-123.3525,1423.4,7/3/2020,63,76,54
USR0000CSLA,"SLATER BUTTE CALIFORNIA, CA US",41.8586,-123.3525,1423.4,7/4/2020,61,74,52
USR0000CSLA,"SLATER BUTTE CALIFORNIA, CA US",41.8586,-123.3525,1423.4,7/5/2020,63,78,52
USR0000CSLA,"SLATER BUTTE CALIFORNIA, CA US",41.8586,-123.3525,1423.4,7/6/2020,58,72,47
USR0000CSLA,"SLATER BUTTE CALIFORNIA, CA US",41.8586,-123.3525,1423.4,7/7/2020,56,69,46
USR0000CSLA,"SLATER BUTTE CALIFORNIA, CA US",41.8586,-123.3525,1423.4,7/8/2020,61,77,49
USR0000CSLA,"SLATER BUTTE CALIFORNIA, CA US",41.8586,-123.3525,1423.4,7/9/2020,64,79,54
USR0000CSLA,"SLATER BUTTE CALIFORNIA, CA US",41.8586,-123.3525,1423.4,7/10/2020,66,81,52
USR0000CSLA,"SLATER BUTTE CALIFORNIA, CA US",41.8586,-123.3525,1423.4,7/11/2020,69,83,60
USR0000CSLA,"SLATER BUTTE CALIFORNIA, CA US",41.8586,-123.3525,1423.4,7/12/2020,66,78,56
USR0000CSLA,"SLATER BUTTE CALIFORNIA, CA US",41.8586,-123.3525,1423.4,7/13/2020,66,83,55
USR0000CSLA,"SLATER BUTTE CALIFORNIA, CA US",41.8586,-123.3525,1423.4,7/14/2020,69,85,60
USR0000CSLA,"SLATER BUTTE CALIFORNIA, CA US",41.8586,-123.3525,1423.4,7/15/2020,74,86,65
USR0000CSLA,"SLATER BUTTE CALIFORNIA, CA US",41.8586,-123.3525,1423.4,7/16/2020,73,87,64
USR0000CSLA,"SLATER BUTTE CALIFORNIA, CA US",41.8586,-123.3525,1423.4,7/17/2020,71,86,63
USR0000CSLA,"SLATER BUTTE CALIFORNIA, CA US",41.8586,-123.3525,1423.4,7/18/2020,73,89,62
USR0000CSLA,"SLATER BUTTE CALIFORNIA, CA US",41.8586,-123.3525,1423.4,7/19/2020,76,90,66
USR0000CSLA,"SLATER BUTTE CALIFORNIA, CA US",41.8586,-123.3525,1423.4,7/20/2020,77,90,67
USR0000CSLA,"SLATER BUTTE CALIFORNIA, CA US",41.8586,-123.3525,1423.4,7/21/2020,77,91,68
USR0000CSLA,"SLATER BUTTE CALIFORNIA, CA US",41.8586,-123.3525,1423.4,7/22/2020,74,86,64
USR0000CSLA,"SLATER BUTTE CALIFORNIA, CA US",41.8586,-123.3525,1423.4,7/23/2020,68,81,58
USR0000CSLA,"SLATER BUTTE CALIFORNIA, CA US",41.8586,-123.3525,1423.4,7/24/2020,69,83,57
USR0000CSLA,"SLATER BUTTE CALIFORNIA, CA US",41.8586,-123.3525,1423.4,7/25/2020,72,87,62
USR0000CSLA,"SLATER BUTTE CALIFORNIA, CA US",41.8586,-123.3525,1423.4,7/26/2020,76,92,66
USR0000CSLA,"SLATER BUTTE CALIFORNIA, CA US",41.8586,-123.3525,1423.4,7/27/2020,74,89,62
USR0000CSLA,"SLATER BUTTE CALIFORNIA, CA US",41.8586,-123.3525,1423.4,7/28/2020,75,87,66
USR0000CSLA,"SLATER BUTTE CALIFORNIA, CA US",41.8586,-123.3525,1423.4,7/29/2020,75,88,66
USR0000CSLA,"SLATER BUTTE CALIFORNIA, CA US",41.8586,-123.3525,1423.4,7/30/2020,74,87,65
USR0000CSLA,"SLATER BUTTE CALIFORNIA, CA US",41.8586,-123.3525,1423.4,7/31/2020,71,84,62
USR0000CSLA,"SLATER BUTTE CALIFORNIA, CA US",41.8586,-123.3525,1423.4,8/1/2020,69,83,59
USR0000CSLA,"SLATER BUTTE CALIFORNIA, CA US",41.8586,-123.3525,1423.4,8/2/2020,69,83,59
USR0000CSLA,"SLATER BUTTE CALIFORNIA, CA US",41.8586,-123.3525,1423.4,8/3/2020,68,84,57
USR0000CSLA,"SLATER BUTTE CALIFORNIA, CA US",41.8586,-123.3525,1423.4,8/4/2020,70,86,60
USR0000CSLA,"SLATER BUTTE CALIFORNIA, CA US",41.8586,-123.3525,1423.4,8/5/2020,67,84,55
USR0000CSLA,"SLATER BUTTE CALIFORNIA, CA US",41.8586,-123.3525,1423.4,8/6/2020,59,75,50
USR0000CSLA,"SLATER BUTTE CALIFORNIA, CA US",41.8586,-123.3525,1423.4,8/7/2020,62,80,49
USR0000CSLA,"SLATER BUTTE CALIFORNIA, CA US",41.8586,-123.3525,1423.4,8/8/2020,69,84,59
USR0000CSLA,"SLATER BUTTE CALIFORNIA, CA US",41.8586,-123.3525,1423.4,8/9/2020,71,83,61
USR0000CSLA,"SLATER BUTTE CALIFORNIA, CA US",41.8586,-123.3525,1423.4,8/10/2020,74,92,65
USR0000CSLA,"SLATER BUTTE CALIFORNIA, CA US",41.8586,-123.3525,1423.4,8/11/2020,72,87,62
USR0000CSLA,"SLATER BUTTE CALIFORNIA, CA US",41.8586,-123.3525,1423.4,8/12/2020,68,81,58
USR0000CSLA,"SLATER BUTTE CALIFORNIA, CA US",41.8586,-123.3525,1423.4,8/13/2020,70,87,58
USR0000CSLA,"SLATER BUTTE CALIFORNIA, CA US",41.8586,-123.3525,1423.4,8/14/2020,76,91,66
USR0000CSLA,"SLATER BUTTE CALIFORNIA, CA US",41.8586,-123.3525,1423.4,8/15/2020,79,94,71
USR0000CSLA,"SLATER BUTTE CALIFORNIA, CA US",41.8586,-123.3525,1423.4,8/16/2020,76,89,69
USR0000CSLA,"SLATER BUTTE CALIFORNIA, CA US",41.8586,-123.3525,1423.4,8/17/2020,75,85,68
USR0000CSLA,"SLATER BUTTE CALIFORNIA, CA US",41.8586,-123.3525,1423.4,8/18/2020,75,90,66
USR0000CSLA,"SLATER BUTTE CALIFORNIA, CA US",41.8586,-123.3525,1423.4,8/19/2020,70,85,60
USR0000CSLA,"SLATER BUTTE CALIFORNIA, CA US",41.8586,-123.3525,1423.4,8/20/2020,67,82,57
USR0000CSLA,"SLATER BUTTE CALIFORNIA, CA US",41.8586,-123.3525,1423.4,8/21/2020,65,81,54
USR0000CSLA,"SLATER BUTTE CALIFORNIA, CA US",41.8586,-123.3525,1423.4,8/22/2020,67,83,54
USR0000CSLA,"SLATER BUTTE CALIFORNIA, CA US",41.8586,-123.3525,1423.4,8/23/2020,71,86,63
USR0000CSLA,"SLATER BUTTE CALIFORNIA, CA US",41.8586,-123.3525,1423.4,8/24/2020,69,79,65
USR0000CSLA,"SLATER BUTTE CALIFORNIA, CA US",41.8586,-123.3525,1423.4,8/25/2020,71,83,63
USR0000CSLA,"SLATER BUTTE CALIFORNIA, CA US",41.8586,-123.3525,1423.4,8/26/2020,69,83,60
USR0000CSLA,"SLATER BUTTE CALIFORNIA, CA US",41.8586,-123.3525,1423.4,8/27/2020,68,80,60
USR0000CSLA,"SLATER BUTTE CALIFORNIA, CA US",41.8586,-123.3525,1423.4,8/28/2020,73,89,64
USR0000CSLA,"SLATER BUTTE CALIFORNIA, CA US",41.8586,-123.3525,1423.4,8/29/2020,72,86,60
USR0000CSLA,"SLATER BUTTE CALIFORNIA, CA US",41.8586,-123.3525,1423.4,8/30/2020,64,75,57
USR0000CSLA,"SLATER BUTTE CALIFORNIA, CA US",41.8586,-123.3525,1423.4,8/31/2020,65,74,57
USR0000CSLA,"SLATER BUTTE CALIFORNIA, CA US",41.8586,-123.3525,1423.4,9/1/2020,74,87,61
USR0000CSLA,"SLATER BUTTE CALIFORNIA, CA US",41.8586,-123.3525,1423.4,9/2/2020,81,97,72
USR0000CSLA,"SLATER BUTTE CALIFORNIA, CA US",41.8586,-123.3525,1423.4,9/3/2020,76,90,67
USR0000CSLA,"SLATER BUTTE CALIFORNIA, CA US",41.8586,-123.3525,1423.4,9/4/2020,72,85,66
USR0000CSLA,"SLATER BUTTE CALIFORNIA, CA US",41.8586,-123.3525,1423.4,9/5/2020,75,88,64
USR0000CSLA,"SLATER BUTTE CALIFORNIA, CA US",41.8586,-123.3525,1423.4,9/6/2020,80,91,70
USR0000CSLA,"SLATER BUTTE CALIFORNIA, CA US",41.8586,-123.3525,1423.4,9/7/2020,81,96,67
USR0000CSLA,"SLATER BUTTE CALIFORNIA, CA US",41.8586,-123.3525,1423.4,9/8/2020,63,71,54
USR0000CSLA,"SLATER BUTTE CALIFORNIA, CA US",41.8586,-123.3525,1423.4,9/9/2020,70,90,58
USR0000CSLA,"SLATER BUTTE CALIFORNIA, CA US",41.8586,-123.3525,1423.4,9/10/2020,71,82,63
USR0000CSLA,"SLATER BUTTE CALIFORNIA, CA US",41.8586,-123.3525,1423.4,9/11/2020,65,76,60
USR0000CSLA,"SLATER BUTTE CALIFORNIA, CA US",41.8586,-123.3525,1423.4,9/12/2020,66,77,59
USR0000CSLA,"SLATER BUTTE CALIFORNIA, CA US",41.8586,-123.3525,1423.4,9/13/2020,65,78,59
USR0000CSLA,"SLATER BUTTE CALIFORNIA, CA US",41.8586,-123.3525,1423.4,9/14/2020,64,77,59
USR0000CSLA,"SLATER BUTTE CALIFORNIA, CA US",41.8586,-123.3525,1423.4,9/15/2020,64,77,57
USR0000CSLA,"SLATER BUTTE CALIFORNIA, CA US",41.8586,-123.3525,1423.4,9/16/2020,63,71,55
USR0000CSLA,"SLATER BUTTE CALIFORNIA, CA US",41.8586,-123.3525,1423.4,9/17/2020,59,71,52
USR0000CSLA,"SLATER BUTTE CALIFORNIA, CA US",41.8586,-123.3525,1423.4,9/18/2020,50,56,46
USR0000CSLA,"SLATER BUTTE CALIFORNIA, CA US",41.8586,-123.3525,1423.4,9/19/2020,55,67,46
USR0000CSLA,"SLATER BUTTE CALIFORNIA, CA US",41.8586,-123.3525,1423.4,9/20/2020,62,78,52
USR0000CSLA,"SLATER BUTTE CALIFORNIA, CA US",41.8586,-123.3525,1423.4,9/21/2020,60,75,52
USR0000CSLA,"SLATER BUTTE CALIFORNIA, CA US",41.8586,-123.3525,1423.4,9/22/2020,56,69,48
USR0000CSLA,"SLATER BUTTE CALIFORNIA, CA US",41.8586,-123.3525,1423.4,9/23/2020,56,67,50
USR0000CSLA,"SLATER BUTTE CALIFORNIA, CA US",41.8586,-123.3525,1423.4,9/24/2020,53,64,47
USR0000CSLA,"SLATER BUTTE CALIFORNIA, CA US",41.8586,-123.3525,1423.4,9/25/2020,51,66,44
USR0000CSLA,"SLATER BUTTE CALIFORNIA, CA US",41.8586,-123.3525,1423.4,9/26/2020,52,60,47
USR0000CSLA,"SLATER BUTTE CALIFORNIA, CA US",41.8586,-123.3525,1423.4,9/27/2020,60,70,48
USR0000CSLA,"SLATER BUTTE CALIFORNIA, CA US",41.8586,-123.3525,1423.4,9/28/2020,68,78,58
USR0000CSLA,"SLATER BUTTE CALIFORNIA, CA US",41.8586,-123.3525,1423.4,9/29/2020,72,85,63
USR0000CSLA,"SLATER BUTTE CALIFORNIA, CA US",41.8586,-123.3525,1423.4,9/30/2020,73,86,65
USR0000CSLA,"SLATER BUTTE CALIFORNIA, CA US",41.8586,-123.3525,1423.4,10/1/2020,73,82,68
USR0000CSLA,"SLATER BUTTE CALIFORNIA, CA US",41.8586,-123.3525,1423.4,10/2/2020,71,80,67
USR0000CSLA,"SLATER BUTTE CALIFORNIA, CA US",41.8586,-123.3525,1423.4,10/3/2020,70,82,64
USR0000CSLA,"SLATER BUTTE CALIFORNIA, CA US",41.8586,-123.3525,1423.4,10/4/2020,67,82,60
USR0000CSLA,"SLATER BUTTE CALIFORNIA, CA US",41.8586,-123.3525,1423.4,10/5/2020,66,77,60
USR0000CSLA,"SLATER BUTTE CALIFORNIA, CA US",41.8586,-123.3525,1423.4,10/6/2020,66,78,60
USR0000CSLA,"SLATER BUTTE CALIFORNIA, CA US",41.8586,-123.3525,1423.4,10/7/2020,64,77,57
USR0000CSLA,"SLATER BUTTE CALIFORNIA, CA US",41.8586,-123.3525,1423.4,10/8/2020,60,72,54
USR0000CSLA,"SLATER BUTTE CALIFORNIA, CA US",41.8586,-123.3525,1423.4,10/9/2020,56,69,47
USR0000CSLA,"SLATER BUTTE CALIFORNIA, CA US",41.8586,-123.3525,1423.4,10/10/2020,45,50,39
USR0000CSLA,"SLATER BUTTE CALIFORNIA, CA US",41.8586,-123.3525,1423.4,10/11/2020,46,58,38
USR0000CSLA,"SLATER BUTTE CALIFORNIA, CA US",41.8586,-123.3525,1423.4,10/12/2020,53,65,45
USR0000CSLA,"SLATER BUTTE CALIFORNIA, CA US",41.8586,-123.3525,1423.4,10/13/2020,54,63,49
USR0000CSLA,"SLATER BUTTE CALIFORNIA, CA US",41.8586,-123.3525,1423.4,10/14/2020,53,59,48
USR0000CSLA,"SLATER BUTTE CALIFORNIA, CA US",41.8586,-123.3525,1423.4,10/15/2020,56,65,49
USR0000CSLA,"SLATER BUTTE CALIFORNIA, CA US",41.8586,-123.3525,1423.4,10/16/2020,62,72,55
USR0000CSLA,"SLATER BUTTE CALIFORNIA, CA US",41.8586,-123.3525,1423.4,10/17/2020,62,73,57
USR0000CSLA,"SLATER BUTTE CALIFORNIA, CA US",41.8586,-123.3525,1423.4,10/18/2020,62,75,53
USR0000CSLA,"SLATER BUTTE CALIFORNIA, CA US",41.8586,-123.3525,1423.4,10/19/2020,58,68,52
USR0000CSLA,"SLATER BUTTE CALIFORNIA, CA US",41.8586,-123.3525,1423.4,10/20/2020,59,66,54
USR0000CSLA,"SLATER BUTTE CALIFORNIA, CA US",41.8586,-123.3525,1423.4,10/21/2020,49,56,37
USR0000CSLA,"SLATER BUTTE CALIFORNIA, CA US",41.8586,-123.3525,1423.4,10/22/2020,41,48,34
USR0000CSLA,"SLATER BUTTE CALIFORNIA, CA US",41.8586,-123.3525,1423.4,10/23/2020,48,62,37
USR0000CSLA,"SLATER BUTTE CALIFORNIA, CA US",41.8586,-123.3525,1423.4,10/24/2020,51,63,44
USR0000CSLA,"SLATER BUTTE CALIFORNIA, CA US",41.8586,-123.3525,1423.4,10/25/2020,37,45,30
USR0000CSLA,"SLATER BUTTE CALIFORNIA, CA US",41.8586,-123.3525,1423.4,10/26/2020,42,55,31
USR0000CSLA,"SLATER BUTTE CALIFORNIA, CA US",41.8586,-123.3525,1423.4,10/27/2020,55,64,47
USR0000CSLA,"SLATER BUTTE CALIFORNIA, CA US",41.8586,-123.3525,1423.4,10/28/2020,60,71,53
USR0000CSLA,"SLATER BUTTE CALIFORNIA, CA US",41.8586,-123.3525,1423.4,10/29/2020,63,74,56
USR0000CSLA,"SLATER BUTTE CALIFORNIA, CA US",41.8586,-123.3525,1423.4,10/30/2020,58,68,50
USR0000CSLA,"SLATER BUTTE CALIFORNIA, CA US",41.8586,-123.3525,1423.4,10/31/2020,53,61,45
USR0000CSLA,"SLATER BUTTE CALIFORNIA, CA US",41.8586,-123.3525,1423.4,11/1/2020,58,70,52
USR0000CSLA,"SLATER BUTTE CALIFORNIA, CA US",41.8586,-123.3525,1423.4,11/2/2020,58,70,53
USR0000CSLA,"SLATER BUTTE CALIFORNIA, CA US",41.8586,-123.3525,1423.4,11/3/2020,55,66,49
USR0000CSLA,"SLATER BUTTE CALIFORNIA, CA US",41.8586,-123.3525,1423.4,11/4/2020,56,67,48
USR0000CSLA,"SLATER BUTTE CALIFORNIA, CA US",41.8586,-123.3525,1423.4,11/5/2020,55,67,39
USR0000CSLA,"SLATER BUTTE CALIFORNIA, CA US",41.8586,-123.3525,1423.4,11/6/2020,33,37,30
USR0000CSLA,"SLATER BUTTE CALIFORNIA, CA US",41.8586,-123.3525,1423.4,11/7/2020,31,38,28
USR0000CSLA,"SLATER BUTTE CALIFORNIA, CA US",41.8586,-123.3525,1423.4,11/8/2020,26,28,24
USR0000CSLA,"SLATER BUTTE CALIFORNIA, CA US",41.8586,-123.3525,1423.4,11/9/2020,31,38,24
USR0000CSLA,"SLATER BUTTE CALIFORNIA, CA US",41.8586,-123.3525,1423.4,11/10/2020,34,41,30
USR0000CSLA,"SLATER BUTTE CALIFORNIA, CA US",41.8586,-123.3525,1423.4,11/11/2020,35,43,31
USR0000CSLA,"SLATER BUTTE CALIFORNIA, CA US",41.8586,-123.3525,1423.4,11/12/2020,35,44,30
USR0000CSLA,"SLATER BUTTE CALIFORNIA, CA US",41.8586,-123.3525,1423.4,11/13/2020,34,41,29
USR0000CSLA,"SLATER BUTTE CALIFORNIA, CA US",41.8586,-123.3525,1423.4,11/14/2020,32,38,29
USR0000CSLA,"SLATER BUTTE CALIFORNIA, CA US",41.8586,-123.3525,1423.4,11/15/2020,44,46,39
USR0000CSLA,"SLATER BUTTE CALIFORNIA, CA US",41.8586,-123.3525,1423.4,11/16/2020,49,55,43
USR0000CSLA,"SLATER BUTTE CALIFORNIA, CA US",41.8586,-123.3525,1423.4,11/17/2020,41,51,37
USR0000CSLA,"SLATER BUTTE CALIFORNIA, CA US",41.8586,-123.3525,1423.4,11/18/2020,35,38,32
USR0000CSLA,"SLATER BUTTE CALIFORNIA, CA US",41.8586,-123.3525,1423.4,11/19/2020,32,35,30
USR0000CSLA,"SLATER BUTTE CALIFORNIA, CA US",41.8586,-123.3525,1423.4,11/20/2020,33,39,29
USR0000CSLA,"SLATER BUTTE CALIFORNIA, CA US",41.8586,-123.3525,1423.4,11/21/2020,35,41,30
USR0000CSLA,"SLATER BUTTE CALIFORNIA, CA US",41.8586,-123.3525,1423.4,11/22/2020,35,38,32
USR0000CSLA,"SLATER BUTTE CALIFORNIA, CA US",41.8586,-123.3525,1423.4,11/23/2020,35,43,31
USR0000CSLA,"SLATER BUTTE CALIFORNIA, CA US",41.8586,-123.3525,1423.4,11/24/2020,39,47,31
USR0000CSLA,"SLATER BUTTE CALIFORNIA, CA US",41.8586,-123.3525,1423.4,11/25/2020,30,33,28
USR0000CSLA,"SLATER BUTTE CALIFORNIA, CA US",41.8586,-123.3525,1423.4,11/26/2020,33,36,28
USR0000CSLA,"SLATER BUTTE CALIFORNIA, CA US",41.8586,-123.3525,1423.4,11/27/2020,37,44,31
USR0000CSLA,"SLATER BUTTE CALIFORNIA, CA US",41.8586,-123.3525,1423.4,11/28/2020,40,44,34
USR0000CSLA,"SLATER BUTTE CALIFORNIA, CA US",41.8586,-123.3525,1423.4,11/29/2020,40,47,35
USR0000CSLA,"SLATER BUTTE CALIFORNIA, CA US",41.8586,-123.3525,1423.4,11/30/2020,35,40,32
USR0000CSLA,"SLATER BUTTE CALIFORNIA, CA US",41.8586,-123.3525,1423.4,12/1/2020,36,42,31
USR0000CSLA,"SLATER BUTTE CALIFORNIA, CA US",41.8586,-123.3525,1423.4,12/2/2020,39,45,34
USR0000CSLA,"SLATER BUTTE CALIFORNIA, CA US",41.8586,-123.3525,1423.4,12/3/2020,44,52,39
USR0000CSLA,"SLATER BUTTE CALIFORNIA, CA US",41.8586,-123.3525,1423.4,12/4/2020,44,48,40
USR0000CSLA,"SLATER BUTTE CALIFORNIA, CA US",41.8586,-123.3525,1423.4,12/5/2020,39,47,34
USR0000CSLA,"SLATER BUTTE CALIFORNIA, CA US",41.8586,-123.3525,1423.4,12/6/2020,37,42,33
USR0000CSLA,"SLATER BUTTE CALIFORNIA, CA US",41.8586,-123.3525,1423.4,12/7/2020,41,47,35
USR0000CSLA,"SLATER BUTTE CALIFORNIA, CA US",41.8586,-123.3525,1423.4,12/8/2020,47,53,43
USR0000CSLA,"SLATER BUTTE CALIFORNIA, CA US",41.8586,-123.3525,1423.4,12/9/2020,40,45,38
USR0000CSLA,"SLATER BUTTE CALIFORNIA, CA US",41.8586,-123.3525,1423.4,12/10/2020,33,41,27
USR0000CSLA,"SLATER BUTTE CALIFORNIA, CA US",41.8586,-123.3525,1423.4,12/11/2020,28,32,26
USR0000CSLA,"SLATER BUTTE CALIFORNIA, CA US",41.8586,-123.3525,1423.4,12/12/2020,29,32,26
USR0000CSLA,"SLATER BUTTE CALIFORNIA, CA US",41.8586,-123.3525,1423.4,12/13/2020,31,36,29
USR0000CSLA,"SLATER BUTTE CALIFORNIA, CA US",41.8586,-123.3525,1423.4,12/14/2020,30,37,27
USR0000CSLA,"SLATER BUTTE CALIFORNIA, CA US",41.8586,-123.3525,1423.4,12/15/2020,32,36,28
USR0000CSLA,"SLATER BUTTE CALIFORNIA, CA US",41.8586,-123.3525,1423.4,12/16/2020,35,39,31
USR0000CSLA,"SLATER BUTTE CALIFORNIA, CA US",41.8586,-123.3525,1423.4,12/17/2020,31,32,29
USR0000CSLA,"SLATER BUTTE CALIFORNIA, CA US",41.8586,-123.3525,1423.4,12/18/2020,33,38,28
USR0000CSLA,"SLATER BUTTE CALIFORNIA, CA US",41.8586,-123.3525,1423.4,12/19/2020,37,40,34
USR0000CSLA,"SLATER BUTTE CALIFORNIA, CA US",41.8586,-123.3525,1423.4,12/20/2020,42,45,38
USR0000CSLA,"SLATER BUTTE CALIFORNIA, CA US",41.8586,-123.3525,1423.4,12/21/2020,38,43,28
USR0000CSLA,"SLATER BUTTE CALIFORNIA, CA US",41.8586,-123.3525,1423.4,12/22/2020,29,34,24
USR0000CSLA,"SLATER BUTTE CALIFORNIA, CA US",41.8586,-123.3525,1423.4,12/23/2020,31,35,26
USR0000CSLA,"SLATER BUTTE CALIFORNIA, CA US",41.8586,-123.3525,1423.4,12/24/2020,34,40,28
USR0000CSLA,"SLATER BUTTE CALIFORNIA, CA US",41.8586,-123.3525,1423.4,12/25/2020,36,40,32
USR0000CSLA,"SLATER BUTTE CALIFORNIA, CA US",41.8586,-123.3525,1423.4,12/26/2020,32,36,29
USR0000CSLA,"SLATER BUTTE CALIFORNIA, CA US",41.8586,-123.3525,1423.4,12/27/2020,29,31,27
USR0000CSLA,"SLATER BUTTE CALIFORNIA, CA US",41.8586,-123.3525,1423.4,12/28/2020,31,35,27
USR0000CSLA,"SLATER BUTTE CALIFORNIA, CA US",41.8586,-123.3525,1423.4,12/29/2020,36,43,32
USR0000CSLA,"SLATER BUTTE CALIFORNIA, CA US",41.8586,-123.3525,1423.4,12/30/2020,33,37,29
USR0000CSLA,"SLATER BUTTE CALIFORNIA, CA US",41.8586,-123.3525,1423.4,12/31/2020,34,39,31
USR0000CSLA,"SLATER BUTTE CALIFORNIA, CA US",41.8586,-123.3525,1423.4,1/1/2021,33,37,30
USR0000CSLA,"SLATER BUTTE CALIFORNIA, CA US",41.8586,-123.3525,1423.4,1/2/2021,34,36,33
USR0000CSLA,"SLATER BUTTE CALIFORNIA, CA US",41.8586,-123.3525,1423.4,1/3/2021,37,38,36
USR0000CSLA,"SLATER BUTTE CALIFORNIA, CA US",41.8586,-123.3525,1423.4,1/4/2021,34,38,30
USR0000CSLA,"SLATER BUTTE CALIFORNIA, CA US",41.8586,-123.3525,1423.4,1/5/2021,31,34,28
USR0000CSLA,"SLATER BUTTE CALIFORNIA, CA US",41.8586,-123.3525,1423.4,1/6/2021,33,37,30
USR0000CSLA,"SLATER BUTTE CALIFORNIA, CA US",41.8586,-123.3525,1423.4,1/7/2021,30,32,28
USR0000CSLA,"SLATER BUTTE CALIFORNIA, CA US",41.8586,-123.3525,1423.4,1/8/2021,31,38,29
USR0000CSLA,"SLATER BUTTE CALIFORNIA, CA US",41.8586,-123.3525,1423.4,1/9/2021,31,36,27
USR0000CSLA,"SLATER BUTTE CALIFORNIA, CA US",41.8586,-123.3525,1423.4,1/10/2021,33,37,30
USR0000CSLA,"SLATER BUTTE CALIFORNIA, CA US",41.8586,-123.3525,1423.4,1/11/2021,33,37,30
USR0000CSLA,"SLATER BUTTE CALIFORNIA, CA US",41.8586,-123.3525,1423.4,1/12/2021,42,47,37
USR0000CSLA,"SLATER BUTTE CALIFORNIA, CA US",41.8586,-123.3525,1423.4,1/13/2021,45,49,42
USR0000CSLA,"SLATER BUTTE CALIFORNIA, CA US",41.8586,-123.3525,1423.4,1/14/2021,44,53,38
USR0000CSLA,"SLATER BUTTE CALIFORNIA, CA US",41.8586,-123.3525,1423.4,1/15/2021,46,49,41
USR0000CSLA,"SLATER BUTTE CALIFORNIA, CA US",41.8586,-123.3525,1423.4,1/16/2021,46,53,40
USR0000CSLA,"SLATER BUTTE CALIFORNIA, CA US",41.8586,-123.3525,1423.4,1/17/2021,47,52,43
USR0000CSLA,"SLATER BUTTE CALIFORNIA, CA US",41.8586,-123.3525,1423.4,1/18/2021,42,48,34
USR0000CSLA,"SLATER BUTTE CALIFORNIA, CA US",41.8586,-123.3525,1423.4,1/19/2021,36,42,29
USR0000CSLA,"SLATER BUTTE CALIFORNIA, CA US",41.8586,-123.3525,1423.4,1/20/2021,41,51,34
USR0000CSLA,"SLATER BUTTE CALIFORNIA, CA US",41.8586,-123.3525,1423.4,1/21/2021,39,45,32
USR0000CSLA,"SLATER BUTTE CALIFORNIA, CA US",41.8586,-123.3525,1423.4,1/22/2021,30,33,28
USR0000CSLA,"SLATER BUTTE CALIFORNIA, CA US",41.8586,-123.3525,1423.4,1/23/2021,32,41,26
USR0000CSLA,"SLATER BUTTE CALIFORNIA, CA US",41.8586,-123.3525,1423.4,1/24/2021,26,31,21
USR0000CSLA,"SLATER BUTTE CALIFORNIA, CA US",41.8586,-123.3525,1423.4,1/25/2021,23,29,20
USR0000CSLA,"SLATER BUTTE CALIFORNIA, CA US",41.8586,-123.3525,1423.4,1/26/2021,22,24,20
USR0000CSLA,"SLATER BUTTE CALIFORNIA, CA US",41.8586,-123.3525,1423.4,1/27/2021,25,27,24
USR0000CSLA,"SLATER BUTTE CALIFORNIA, CA US",41.8586,-123.3525,1423.4,1/29/2021,30,33,28
USR0000CSLA,"SLATER BUTTE CALIFORNIA, CA US",41.8586,-123.3525,1423.4,1/30/2021,31,33,28
USR0000CSLA,"SLATER BUTTE CALIFORNIA, CA US",41.8586,-123.3525,1423.4,1/31/2021,33,38,31
USR0000CSLA,"SLATER BUTTE CALIFORNIA, CA US",41.8586,-123.3525,1423.4,2/1/2021,35,40,32
USR0000CSLA,"SLATER BUTTE CALIFORNIA, CA US",41.8586,-123.3525,1423.4,2/2/2021,30,36,26
USR0000CSLA,"SLATER BUTTE CALIFORNIA, CA US",41.8586,-123.3525,1423.4,2/3/2021,28,33,26
USR0000CSLA,"SLATER BUTTE CALIFORNIA, CA US",41.8586,-123.3525,1423.4,2/4/2021,36,44,26
USR0000CSLA,"SLATER BUTTE CALIFORNIA, CA US",41.8586,-123.3525,1423.4,2/5/2021,42,50,37
USR0000CSLA,"SLATER BUTTE CALIFORNIA, CA US",41.8586,-123.3525,1423.4,2/6/2021,45,50,39
USR0000CSLA,"SLATER BUTTE CALIFORNIA, CA US",41.8586,-123.3525,1423.4,2/7/2021,44,51,40
USR0000CSLA,"SLATER BUTTE CALIFORNIA, CA US",41.8586,-123.3525,1423.4,2/8/2021,41,46,35
USR0000CSLA,"SLATER BUTTE CALIFORNIA, CA US",41.8586,-123.3525,1423.4,2/9/2021,37,41,34
USR0000CSLA,"SLATER BUTTE CALIFORNIA, CA US",41.8586,-123.3525,1423.4,2/10/2021,41,49,35
USR0000CSLA,"SLATER BUTTE CALIFORNIA, CA US",41.8586,-123.3525,1423.4,2/11/2021,36,38,32
USR0000CSLA,"SLATER BUTTE CALIFORNIA, CA US",41.8586,-123.3525,1423.4,2/12/2021,33,35,31
USR0000CSLA,"SLATER BUTTE CALIFORNIA, CA US",41.8586,-123.3525,1423.4,2/13/2021,31,37,28
USR0000CSLA,"SLATER BUTTE CALIFORNIA, CA US",41.8586,-123.3525,1423.4,2/14/2021,30,33,27
USR0000CSLA,"SLATER BUTTE CALIFORNIA, CA US",41.8586,-123.3525,1423.4,2/15/2021,34,38,30
USR0000CSLA,"SLATER BUTTE CALIFORNIA, CA US",41.8586,-123.3525,1423.4,2/16/2021,31,39,28
USR0000CSLA,"SLATER BUTTE CALIFORNIA, CA US",41.8586,-123.3525,1423.4,2/17/2021,32,41,25
USR0000CSLA,"SLATER BUTTE CALIFORNIA, CA US",41.8586,-123.3525,1423.4,2/18/2021,33,35,29
USR0000CSLA,"SLATER BUTTE CALIFORNIA, CA US",41.8586,-123.3525,1423.4,2/19/2021,32,36,26
USR0000CSLA,"SLATER BUTTE CALIFORNIA, CA US",41.8586,-123.3525,1423.4,2/20/2021,30,36,26
USR0000CSLA,"SLATER BUTTE CALIFORNIA, CA US",41.8586,-123.3525,1423.4,2/21/2021,34,45,28
USR0000CSLA,"SLATER BUTTE CALIFORNIA, CA US",41.8586,-123.3525,1423.4,2/22/2021,44,52,38
USR0000CSLA,"SLATER BUTTE CALIFORNIA, CA US",41.8586,-123.3525,1423.4,2/23/2021,40,53,31
USR0000CSLA,"SLATER BUTTE CALIFORNIA, CA US",41.8586,-123.3525,1423.4,2/24/2021,32,39,24
USR0000CSLA,"SLATER BUTTE CALIFORNIA, CA US",41.8586,-123.3525,1423.4,2/25/2021,36,47,27
USR0000CSLA,"SLATER BUTTE CALIFORNIA, CA US",41.8586,-123.3525,1423.4,2/26/2021,29,35,25
USR0000CSLA,"SLATER BUTTE CALIFORNIA, CA US",41.8586,-123.3525,1423.4,2/27/2021,32,42,25
USR0000CSLA,"SLATER BUTTE CALIFORNIA, CA US",41.8586,-123.3525,1423.4,2/28/2021,40,49,29
USR0000CSLA,"SLATER BUTTE CALIFORNIA, CA US",41.8586,-123.3525,1423.4,3/1/2021,43,55,37
USR0000CSLA,"SLATER BUTTE CALIFORNIA, CA US",41.8586,-123.3525,1423.4,3/2/2021,43,54,36
USR0000CSLA,"SLATER BUTTE CALIFORNIA, CA US",41.8586,-123.3525,1423.4,3/3/2021,43,55,36
USR0000CSLA,"SLATER BUTTE CALIFORNIA, CA US",41.8586,-123.3525,1423.4,3/4/2021,42,54,35
USR0000CSLA,"SLATER BUTTE CALIFORNIA, CA US",41.8586,-123.3525,1423.4,3/5/2021,35,41,28
USR0000CSLA,"SLATER BUTTE CALIFORNIA, CA US",41.8586,-123.3525,1423.4,3/6/2021,32,39,27
USR0000CSLA,"SLATER BUTTE CALIFORNIA, CA US",41.8586,-123.3525,1423.4,3/7/2021,32,41,27
USR0000CSLA,"SLATER BUTTE CALIFORNIA, CA US",41.8586,-123.3525,1423.4,3/8/2021,28,31,26
USR0000CSLA,"SLATER BUTTE CALIFORNIA, CA US",41.8586,-123.3525,1423.4,3/9/2021,28,32,26
USR0000CSLA,"SLATER BUTTE CALIFORNIA, CA US",41.8586,-123.3525,1423.4,3/10/2021,29,36,26
USR0000CSLA,"SLATER BUTTE CALIFORNIA, CA US",41.8586,-123.3525,1423.4,3/11/2021,33,42,26
USR0000CSLA,"SLATER BUTTE CALIFORNIA, CA US",41.8586,-123.3525,1423.4,3/12/2021,42,53,35
USR0000CSLA,"SLATER BUTTE CALIFORNIA, CA US",41.8586,-123.3525,1423.4,3/13/2021,44,55,36
USR0000CSLA,"SLATER BUTTE CALIFORNIA, CA US",41.8586,-123.3525,1423.4,3/14/2021,32,38,26
USR0000CSLA,"SLATER BUTTE CALIFORNIA, CA US",41.8586,-123.3525,1423.4,3/15/2021,25,29,23
USR0000CSLA,"SLATER BUTTE CALIFORNIA, CA US",41.8586,-123.3525,1423.4,3/16/2021,31,44,20
USR0000CSLA,"SLATER BUTTE CALIFORNIA, CA US",41.8586,-123.3525,1423.4,3/17/2021,37,51,28
USR0000CSLA,"SLATER BUTTE CALIFORNIA, CA US",41.8586,-123.3525,1423.4,3/18/2021,34,37,29
USR0000CSLA,"SLATER BUTTE CALIFORNIA, CA US",41.8586,-123.3525,1423.4,3/19/2021,30,35,27
USR0000CSLA,"SLATER BUTTE CALIFORNIA, CA US",41.8586,-123.3525,1423.4,3/20/2021,33,45,27
USR0000CSLA,"SLATER BUTTE CALIFORNIA, CA US",41.8586,-123.3525,1423.4,3/21/2021,36,49,28
USR0000CSLA,"SLATER BUTTE CALIFORNIA, CA US",41.8586,-123.3525,1423.4,3/22/2021,32,44,27
USR0000CSLA,"SLATER BUTTE CALIFORNIA, CA US",41.8586,-123.3525,1423.4,3/23/2021,34,44,24
USR0000CSLA,"SLATER BUTTE CALIFORNIA, CA US",41.8586,-123.3525,1423.4,3/24/2021,39,51,32
USR0000CSLA,"SLATER BUTTE CALIFORNIA, CA US",41.8586,-123.3525,1423.4,3/25/2021,33,40,27
USR0000CSLA,"SLATER BUTTE CALIFORNIA, CA US",41.8586,-123.3525,1423.4,3/26/2021,41,55,29
USR0000CSLA,"SLATER BUTTE CALIFORNIA, CA US",41.8586,-123.3525,1423.4,3/27/2021,53,66,41
USR0000CSLA,"SLATER BUTTE CALIFORNIA, CA US",41.8586,-123.3525,1423.4,3/28/2021,47,61,33
USR0000CSLA,"SLATER BUTTE CALIFORNIA, CA US",41.8586,-123.3525,1423.4,3/29/2021,31,39,23
USR0000CSLA,"SLATER BUTTE CALIFORNIA, CA US",41.8586,-123.3525,1423.4,3/30/2021,41,53,28
USR0000CSLA,"SLATER BUTTE CALIFORNIA, CA US",41.8586,-123.3525,1423.4,3/31/2021,53,68,40
USR0000CSLA,"SLATER BUTTE CALIFORNIA, CA US",41.8586,-123.3525,1423.4,4/1/2021,53,64,46
USR0000CSLA,"SLATER BUTTE CALIFORNIA, CA US",41.8586,-123.3525,1423.4,4/2/2021,53,66,45
USR0000CSLA,"SLATER BUTTE CALIFORNIA, CA US",41.8586,-123.3525,1423.4,4/3/2021,52,63,45
USR0000CSLA,"SLATER BUTTE CALIFORNIA, CA US",41.8586,-123.3525,1423.4,4/4/2021,49,63,41
USR0000CSLA,"SLATER BUTTE CALIFORNIA, CA US",41.8586,-123.3525,1423.4,4/5/2021,44,52,37
USR0000CSLA,"SLATER BUTTE CALIFORNIA, CA US",41.8586,-123.3525,1423.4,4/6/2021,49,66,39
USR0000CSLA,"SLATER BUTTE CALIFORNIA, CA US",41.8586,-123.3525,1423.4,4/7/2021,47,61,38
USR0000CSLA,"SLATER BUTTE CALIFORNIA, CA US",41.8586,-123.3525,1423.4,4/8/2021,44,57,34
USR0000CSLA,"SLATER BUTTE CALIFORNIA, CA US",41.8586,-123.3525,1423.4,4/9/2021,47,65,37
USR0000CSLA,"SLATER BUTTE CALIFORNIA, CA US",41.8586,-123.3525,1423.4,4/10/2021,42,55,31
USR0000CSLA,"SLATER BUTTE CALIFORNIA, CA US",41.8586,-123.3525,1423.4,4/11/2021,44,57,32
USR0000CSLA,"SLATER BUTTE CALIFORNIA, CA US",41.8586,-123.3525,1423.4,4/12/2021,48,68,38
USR0000CSLA,"SLATER BUTTE CALIFORNIA, CA US",41.8586,-123.3525,1423.4,4/13/2021,42,50,37
USR0000CSLA,"SLATER BUTTE CALIFORNIA, CA US",41.8586,-123.3525,1423.4,4/14/2021,46,59,36
USR0000CSLA,"SLATER BUTTE CALIFORNIA, CA US",41.8586,-123.3525,1423.4,4/15/2021,50,63,39
USR0000CSLA,"SLATER BUTTE CALIFORNIA, CA US",41.8586,-123.3525,1423.4,4/16/2021,54,63,45
USR0000CSLA,"SLATER BUTTE CALIFORNIA, CA US",41.8586,-123.3525,1423.4,4/17/2021,57,66,48
USR0000CSLA,"SLATER BUTTE CALIFORNIA, CA US",41.8586,-123.3525,1423.4,4/18/2021,62,75,53
USR0000CSLA,"SLATER BUTTE CALIFORNIA, CA US",41.8586,-123.3525,1423.4,4/19/2021,57,72,47
USR0000CSLA,"SLATER BUTTE CALIFORNIA, CA US",41.8586,-123.3525,1423.4,4/20/2021,48,54,42
USR0000CSLA,"SLATER BUTTE CALIFORNIA, CA US",41.8586,-123.3525,1423.4,4/21/2021,50,60,43
USR0000CSLA,"SLATER BUTTE CALIFORNIA, CA US",41.8586,-123.3525,1423.4,4/22/2021,54,68,45
USR0000CSLA,"SLATER BUTTE CALIFORNIA, CA US",41.8586,-123.3525,1423.4,4/23/2021,49,64,39
USR0000CSLA,"SLATER BUTTE CALIFORNIA, CA US",41.8586,-123.3525,1423.4,4/24/2021,35,43,31
USR0000CSLA,"SLATER BUTTE CALIFORNIA, CA US",41.8586,-123.3525,1423.4,4/25/2021,33,39,30
USR0000CSLA,"SLATER BUTTE CALIFORNIA, CA US",41.8586,-123.3525,1423.4,4/26/2021,35,45,28
USR0000CSLA,"SLATER BUTTE CALIFORNIA, CA US",41.8586,-123.3525,1423.4,4/27/2021,47,64,34
USR0000CSLA,"SLATER BUTTE CALIFORNIA, CA US",41.8586,-123.3525,1423.4,4/28/2021,57,72,44
USR0000CSLA,"SLATER BUTTE CALIFORNIA, CA US",41.8586,-123.3525,1423.4,4/29/2021,62,79,52
USR0000CSLA,"SLATER BUTTE CALIFORNIA, CA US",41.8586,-123.3525,1423.4,4/30/2021,59,75,50
USR0000CSLA,"SLATER BUTTE CALIFORNIA, CA US",41.8586,-123.3525,1423.4,5/1/2021,51,65,42
USR0000CSLA,"SLATER BUTTE CALIFORNIA, CA US",41.8586,-123.3525,1423.4,5/2/2021,48,64,40
USR0000CSLA,"SLATER BUTTE CALIFORNIA, CA US",41.8586,-123.3525,1423.4,5/3/2021,52,68,39
USR0000CSLA,"SLATER BUTTE CALIFORNIA, CA US",41.8586,-123.3525,1423.4,5/4/2021,55,70,44
USR0000CSLA,"SLATER BUTTE CALIFORNIA, CA US",41.8586,-123.3525,1423.4,5/5/2021,62,79,50
USR0000CSLA,"SLATER BUTTE CALIFORNIA, CA US",41.8586,-123.3525,1423.4,5/6/2021,51,63,36
USR0000CSLA,"SLATER BUTTE CALIFORNIA, CA US",41.8586,-123.3525,1423.4,5/7/2021,44,61,34
USR0000CSLA,"SLATER BUTTE CALIFORNIA, CA US",41.8586,-123.3525,1423.4,5/8/2021,49,66,35
USR0000CSLA,"SLATER BUTTE CALIFORNIA, CA US",41.8586,-123.3525,1423.4,5/9/2021,49,64,40
USR0000CSLA,"SLATER BUTTE CALIFORNIA, CA US",41.8586,-123.3525,1423.4,5/10/2021,53,70,41
USR0000CSLA,"SLATER BUTTE CALIFORNIA, CA US",41.8586,-123.3525,1423.4,5/11/2021,59,75,49
USR0000CSLA,"SLATER BUTTE CALIFORNIA, CA US",41.8586,-123.3525,1423.4,5/12/2021,65,80,56
USR0000CSLA,"SLATER BUTTE CALIFORNIA, CA US",41.8586,-123.3525,1423.4,5/13/2021,67,82,57
USR0000CSLA,"SLATER BUTTE CALIFORNIA, CA US",41.8586,-123.3525,1423.4,5/14/2021,60,74,53
USR0000CSLA,"SLATER BUTTE CALIFORNIA, CA US",41.8586,-123.3525,1423.4,5/15/2021,59,68,50
USR0000CSLA,"SLATER BUTTE CALIFORNIA, CA US",41.8586,-123.3525,1423.4,5/16/2021,65,80,56
USR0000CSLA,"SLATER BUTTE CALIFORNIA, CA US",41.8586,-123.3525,1423.4,5/17/2021,59,74,43
USR0000CSLA,"SLATER BUTTE CALIFORNIA, CA US",41.8586,-123.3525,1423.4,5/18/2021,49,66,37
USR0000CSLA,"SLATER BUTTE CALIFORNIA, CA US",41.8586,-123.3525,1423.4,5/19/2021,37,52,29
USR0000CSLA,"SLATER BUTTE CALIFORNIA, CA US",41.8586,-123.3525,1423.4,5/20/2021,35,44,27
USR0000CSLA,"SLATER BUTTE CALIFORNIA, CA US",41.8586,-123.3525,1423.4,5/21/2021,39,50,31
USR0000CSLA,"SLATER BUTTE CALIFORNIA, CA US",41.8586,-123.3525,1423.4,5/22/2021,47,59,37
USR0000CSLA,"SLATER BUTTE CALIFORNIA, CA US",41.8586,-123.3525,1423.4,5/23/2021,54,68,43
USR0000CSLA,"SLATER BUTTE CALIFORNIA, CA US",41.8586,-123.3525,1423.4,5/24/2021,51,64,43
USR0000CSLA,"SLATER BUTTE CALIFORNIA, CA US",41.8586,-123.3525,1423.4,5/25/2021,50,66,39
USR0000CSLA,"SLATER BUTTE CALIFORNIA, CA US",41.8586,-123.3525,1423.4,5/26/2021,56,74,43
USR0000CSLA,"SLATER BUTTE CALIFORNIA, CA US",41.8586,-123.3525,1423.4,5/27/2021,52,60,45
USR0000CSLA,"SLATER BUTTE CALIFORNIA, CA US",41.8586,-123.3525,1423.4,5/28/2021,58,77,43
USR0000CSLA,"SLATER BUTTE CALIFORNIA, CA US",41.8586,-123.3525,1423.4,5/29/2021,67,81,55
USR0000CSLA,"SLATER BUTTE CALIFORNIA, CA US",41.8586,-123.3525,1423.4,5/30/2021,68,84,59
USR0000CSLA,"SLATER BUTTE CALIFORNIA, CA US",41.8586,-123.3525,1423.4,5/31/2021,71,85,61
USR0000CSLA,"SLATER BUTTE CALIFORNIA, CA US",41.8586,-123.3525,1423.4,6/1/2021,78,93,68
USR0000CSLA,"SLATER BUTTE CALIFORNIA, CA US",41.8586,-123.3525,1423.4,6/2/2021,77,92,66
USR0000CSLA,"SLATER BUTTE CALIFORNIA, CA US",41.8586,-123.3525,1423.4,6/3/2021,71,86,61
USR0000CSLA,"SLATER BUTTE CALIFORNIA, CA US",41.8586,-123.3525,1423.4,6/4/2021,68,85,57
USR0000CSLA,"SLATER BUTTE CALIFORNIA, CA US",41.8586,-123.3525,1423.4,6/5/2021,59,72,48
USR0000CSLA,"SLATER BUTTE CALIFORNIA, CA US",41.8586,-123.3525,1423.4,6/6/2021,53,64,40
USR0000CSLA,"SLATER BUTTE CALIFORNIA, CA US",41.8586,-123.3525,1423.4,6/7/2021,46,56,36
USR0000CSLA,"SLATER BUTTE CALIFORNIA, CA US",41.8586,-123.3525,1423.4,6/8/2021,44,59,34
USR0000CSLA,"SLATER BUTTE CALIFORNIA, CA US",41.8586,-123.3525,1423.4,6/9/2021,43,59,36
USR0000CSLA,"SLATER BUTTE CALIFORNIA, CA US",41.8586,-123.3525,1423.4,6/10/2021,46,62,33
USR0000CSLA,"SLATER BUTTE CALIFORNIA, CA US",41.8586,-123.3525,1423.4,6/11/2021,42,46,37
USR0000CSLA,"SLATER BUTTE CALIFORNIA, CA US",41.8586,-123.3525,1423.4,6/12/2021,53,64,46
USR0000CSLA,"SLATER BUTTE CALIFORNIA, CA US",41.8586,-123.3525,1423.4,6/13/2021,57,72,51
USR0000CSLA,"SLATER BUTTE CALIFORNIA, CA US",41.8586,-123.3525,1423.4,6/14/2021,52,62,44
USR0000CSLA,"SLATER BUTTE CALIFORNIA, CA US",41.8586,-123.3525,1423.4,6/15/2021,52,67,40
USR0000CSLA,"SLATER BUTTE CALIFORNIA, CA US",41.8586,-123.3525,1423.4,6/16/2021,63,82,49
USR0000CSLA,"SLATER BUTTE CALIFORNIA, CA US",41.8586,-123.3525,1423.4,6/17/2021,69,84,59
USR0000CSLA,"SLATER BUTTE CALIFORNIA, CA US",41.8586,-123.3525,1423.4,6/18/2021,70,84,61
USR0000CSLA,"SLATER BUTTE CALIFORNIA, CA US",41.8586,-123.3525,1423.4,6/19/2021,71,82,61
USR0000CSLA,"SLATER BUTTE CALIFORNIA, CA US",41.8586,-123.3525,1423.4,6/20/2021,78,94,69
USR0000CSLA,"SLATER BUTTE CALIFORNIA, CA US",41.8586,-123.3525,1423.4,6/21/2021,78,92,69
USR0000CSLA,"SLATER BUTTE CALIFORNIA, CA US",41.8586,-123.3525,1423.4,6/22/2021,74,89,65
USR0000CSLA,"SLATER BUTTE CALIFORNIA, CA US",41.8586,-123.3525,1423.4,6/23/2021,70,85,60
USR0000CSLA,"SLATER BUTTE CALIFORNIA, CA US",41.8586,-123.3525,1423.4,6/24/2021,73,87,61
USR0000CSLA,"SLATER BUTTE CALIFORNIA, CA US",41.8586,-123.3525,1423.4,6/25/2021,76,91,64
USR0000CSLA,"SLATER BUTTE CALIFORNIA, CA US",41.8586,-123.3525,1423.4,6/26/2021,81,95,70
USR0000CSLA,"SLATER BUTTE CALIFORNIA, CA US",41.8586,-123.3525,1423.4,6/27/2021,84,98,75
USR0000CSLA,"SLATER BUTTE CALIFORNIA, CA US",41.8586,-123.3525,1423.4,6/28/2021,79,93,64
USR0000CSLA,"SLATER BUTTE CALIFORNIA, CA US",41.8586,-123.3525,1423.4,6/29/2021,73,88,63
USR0000CSLA,"SLATER BUTTE CALIFORNIA, CA US",41.8586,-123.3525,1423.4,6/30/2021,75,92,63
USR0000CSLA,"SLATER BUTTE CALIFORNIA, CA US",41.8586,-123.3525,1423.4,7/1/2021,76,91,67
USR0000CSLA,"SLATER BUTTE CALIFORNIA, CA US",41.8586,-123.3525,1423.4,7/2/2021,78,92,66
USR0000CSLA,"SLATER BUTTE CALIFORNIA, CA US",41.8586,-123.3525,1423.4,7/3/2021,79,93,69
USR0000CSLA,"SLATER BUTTE CALIFORNIA, CA US",41.8586,-123.3525,1423.4,7/4/2021,77,89,66
USR0000CSLA,"SLATER BUTTE CALIFORNIA, CA US",41.8586,-123.3525,1423.4,7/5/2021,77,92,65
USR0000CSLA,"SLATER BUTTE CALIFORNIA, CA US",41.8586,-123.3525,1423.4,7/6/2021,76,90,63
USR0000CSLA,"SLATER BUTTE CALIFORNIA, CA US",41.8586,-123.3525,1423.4,7/7/2021,73,89,62
USR0000CSLA,"SLATER BUTTE CALIFORNIA, CA US",41.8586,-123.3525,1423.4,7/8/2021,75,89,65
USR0000CSLA,"SLATER BUTTE CALIFORNIA, CA US",41.8586,-123.3525,1423.4,7/9/2021,77,94,65
USR0000CSLA,"SLATER BUTTE CALIFORNIA, CA US",41.8586,-123.3525,1423.4,7/10/2021,79,95,68
USR0000CSLA,"SLATER BUTTE CALIFORNIA, CA US",41.8586,-123.3525,1423.4,7/11/2021,78,96,68
USR0000CSLA,"SLATER BUTTE CALIFORNIA, CA US",41.8586,-123.3525,1423.4,7/12/2021,76,92,66
USR0000CSLA,"SLATER BUTTE CALIFORNIA, CA US",41.8586,-123.3525,1423.4,7/13/2021,76,93,66
USR0000CSLA,"SLATER BUTTE CALIFORNIA, CA US",41.8586,-123.3525,1423.4,7/14/2021,76,92,66
USR0000CSLA,"SLATER BUTTE CALIFORNIA, CA US",41.8586,-123.3525,1423.4,7/15/2021,72,86,63
USR0000CSLA,"SLATER BUTTE CALIFORNIA, CA US",41.8586,-123.3525,1423.4,7/16/2021,69,83,59
USR0000CSLA,"SLATER BUTTE CALIFORNIA, CA US",41.8586,-123.3525,1423.4,7/17/2021,70,86,58
USR0000CSLA,"SLATER BUTTE CALIFORNIA, CA US",41.8586,-123.3525,1423.4,7/18/2021,74,91,61
USR0000CSLA,"SLATER BUTTE CALIFORNIA, CA US",41.8586,-123.3525,1423.4,7/19/2021,73,90,63
USR0000CSLA,"SLATER BUTTE CALIFORNIA, CA US",41.8586,-123.3525,1423.4,7/20/2021,69,85,59
USR0000CSLA,"SLATER BUTTE CALIFORNIA, CA US",41.8586,-123.3525,1423.4,7/21/2021,67,80,54
USR0000CSLA,"SLATER BUTTE CALIFORNIA, CA US",41.8586,-123.3525,1423.4,7/22/2021,71,84,63
USR0000CSLA,"SLATER BUTTE CALIFORNIA, CA US",41.8586,-123.3525,1423.4,7/23/2021,74,92,60
USR0000CSLA,"SLATER BUTTE CALIFORNIA, CA US",41.8586,-123.3525,1423.4,7/24/2021,78,94,70
USR0000CSLA,"SLATER BUTTE CALIFORNIA, CA US",41.8586,-123.3525,1423.4,7/25/2021,78,94,69
USR0000CSLA,"SLATER BUTTE CALIFORNIA, CA US",41.8586,-123.3525,1423.4,7/26/2021,78,94,70
USR0000CSLA,"SLATER BUTTE CALIFORNIA, CA US",41.8586,-123.3525,1423.4,7/27/2021,63,71,59
USR0000CSLA,"SLATER BUTTE CALIFORNIA, CA US",41.8586,-123.3525,1423.4,7/28/2021,72,87,59
USR0000CSLA,"SLATER BUTTE CALIFORNIA, CA US",41.8586,-123.3525,1423.4,7/29/2021,78,93,67
USR0000CSLA,"SLATER BUTTE CALIFORNIA, CA US",41.8586,-123.3525,1423.4,7/30/2021,76,93,66
USR0000CSLA,"SLATER BUTTE CALIFORNIA, CA US",41.8586,-123.3525,1423.4,7/31/2021,78,93,69
